Type,Name,Request Count,Failure Count,Median Response Time,Average Response Time,Min Response Time,Max Response Time,Average Content Size,Requests/s,Failures/s,50%,66%,75%,80%,90%,95%,98%,99%,99.9%,99.99%,100%
MQTT,b'Device - 1',2,0,0,2.5,0,5,10263.0,0.0033318584387967277,0.0,5,5,5,5,5,5,5,5,5,5,5
MQTT,b'Device - 10',1,0,5,5.0,5,5,10264.0,0.0016659292193983639,0.0,5,5,5,5,5,5,5,5,5,5,5
MQTT,b'Device - 100',2,0,0,1.0,0,2,10265.0,0.0033318584387967277,0.0,2,2,2,2,2,2,2,2,2,2,2
MQTT,b'Device - 101',2,0,0,1.5,0,3,10265.0,0.0033318584387967277,0.0,3,3,3,3,3,3,3,3,3,3,3
MQTT,b'Device - 102',1,0,3,3.0,3,3,10265.0,0.0016659292193983639,0.0,3,3,3,3,3,3,3,3,3,3,3
MQTT,b'Device - 103',1,0,0,0.0,0,0,10265.0,0.0016659292193983639,0.0,0,0,0,0,0,0,0,0,0,0,0
MQTT,b'Device - 104',1,0,17,17.0,17,17,10265.0,0.0016659292193983639,0.0,17,17,17,17,17,17,17,17,17,17,17
MQTT,b'Device - 105',2,0,0,8.5,0,17,10265.0,0.0033318584387967277,0.0,17,17,17,17,17,17,17,17,17,17,17
MQTT,b'Device - 106',3,0,0,5.333333333333333,0,16,10265.0,0.004997787658195091,0.0,0,0,16,16,16,16,16,16,16,16,16
MQTT,b'Device - 107',1,0,16,16.0,16,16,10265.0,0.0016659292193983639,0.0,16,16,16,16,16,16,16,16,16,16,16
MQTT,b'Device - 108',3,0,0,5.333333333333333,0,16,10265.0,0.004997787658195091,0.0,0,0,16,16,16,16,16,16,16,16,16
MQTT,b'Device - 109',2,0,0,8.0,0,16,10265.0,0.0033318584387967277,0.0,16,16,16,16,16,16,16,16,16,16,16
MQTT,b'Device - 11',1,0,3,3.0,3,3,10264.0,0.0016659292193983639,0.0,3,3,3,3,3,3,3,3,3,3,3
MQTT,b'Device - 110',1,0,16,16.0,16,16,10265.0,0.0016659292193983639,0.0,16,16,16,16,16,16,16,16,16,16,16
MQTT,b'Device - 111',2,0,0,8.5,0,17,10265.0,0.0033318584387967277,0.0,17,17,17,17,17,17,17,17,17,17,17
MQTT,b'Device - 112',2,0,0,8.0,0,16,10265.0,0.0033318584387967277,0.0,16,16,16,16,16,16,16,16,16,16,16
MQTT,b'Device - 113',1,0,6,6.0,6,6,10265.0,0.0016659292193983639,0.0,6,6,6,6,6,6,6,6,6,6,6
MQTT,b'Device - 114',1,0,6,6.0,6,6,10265.0,0.0016659292193983639,0.0,6,6,6,6,6,6,6,6,6,6,6
MQTT,b'Device - 115',3,0,0,2.0,0,6,10265.0,0.004997787658195091,0.0,0,0,6,6,6,6,6,6,6,6,6
MQTT,b'Device - 116',1,0,6,6.0,6,6,10265.0,0.0016659292193983639,0.0,6,6,6,6,6,6,6,6,6,6,6
MQTT,b'Device - 117',2,0,0,3.0,0,6,10265.0,0.0033318584387967277,0.0,6,6,6,6,6,6,6,6,6,6,6
MQTT,b'Device - 118',1,0,6,6.0,6,6,10265.0,0.0016659292193983639,0.0,6,6,6,6,6,6,6,6,6,6,6
MQTT,b'Device - 119',1,0,8,8.0,8,8,10265.0,0.0016659292193983639,0.0,8,8,8,8,8,8,8,8,8,8,8
MQTT,b'Device - 12',1,0,6,6.0,6,6,10264.0,0.0016659292193983639,0.0,6,6,6,6,6,6,6,6,6,6,6
MQTT,b'Device - 120',1,0,8,8.0,8,8,10265.0,0.0016659292193983639,0.0,8,8,8,8,8,8,8,8,8,8,8
MQTT,b'Device - 121',1,0,8,8.0,8,8,10265.0,0.0016659292193983639,0.0,8,8,8,8,8,8,8,8,8,8,8
MQTT,b'Device - 122',1,0,8,8.0,8,8,10265.0,0.0016659292193983639,0.0,8,8,8,8,8,8,8,8,8,8,8
MQTT,b'Device - 123',1,0,3,3.0,3,3,10265.0,0.0016659292193983639,0.0,3,3,3,3,3,3,3,3,3,3,3
MQTT,b'Device - 124',1,0,7,7.0,7,7,10265.0,0.0016659292193983639,0.0,7,7,7,7,7,7,7,7,7,7,7
MQTT,b'Device - 125',1,0,7,7.0,7,7,10265.0,0.0016659292193983639,0.0,7,7,7,7,7,7,7,7,7,7,7
MQTT,b'Device - 126',1,0,7,7.0,7,7,10265.0,0.0016659292193983639,0.0,7,7,7,7,7,7,7,7,7,7,7
MQTT,b'Device - 127',1,0,12,12.0,12,12,10265.0,0.0016659292193983639,0.0,12,12,12,12,12,12,12,12,12,12,12
MQTT,b'Device - 128',2,0,0,6.0,0,12,10265.0,0.0033318584387967277,0.0,12,12,12,12,12,12,12,12,12,12,12
MQTT,b'Device - 129',2,0,0,6.0,0,12,10265.0,0.0033318584387967277,0.0,12,12,12,12,12,12,12,12,12,12,12
MQTT,b'Device - 13',2,0,0,3.0,0,6,10264.0,0.0033318584387967277,0.0,6,6,6,6,6,6,6,6,6,6,6
MQTT,b'Device - 130',1,0,10,10.0,10,10,10265.0,0.0016659292193983639,0.0,10,10,10,10,10,10,10,10,10,10,10
MQTT,b'Device - 131',1,0,6,6.0,6,6,10265.0,0.0016659292193983639,0.0,6,6,6,6,6,6,6,6,6,6,6
MQTT,b'Device - 132',1,0,6,6.0,6,6,10265.0,0.0016659292193983639,0.0,6,6,6,6,6,6,6,6,6,6,6
MQTT,b'Device - 133',1,0,7,7.0,7,7,10265.0,0.0016659292193983639,0.0,7,7,7,7,7,7,7,7,7,7,7
MQTT,b'Device - 134',1,0,7,7.0,7,7,10265.0,0.0016659292193983639,0.0,7,7,7,7,7,7,7,7,7,7,7
MQTT,b'Device - 135',2,0,0,2.0,0,4,10265.0,0.0033318584387967277,0.0,4,4,4,4,4,4,4,4,4,4,4
MQTT,b'Device - 136',1,0,4,4.0,4,4,10265.0,0.0016659292193983639,0.0,4,4,4,4,4,4,4,4,4,4,4
MQTT,b'Device - 137',2,0,0,5.0,0,10,10265.0,0.0033318584387967277,0.0,10,10,10,10,10,10,10,10,10,10,10
MQTT,b'Device - 138',1,0,10,10.0,10,10,10265.0,0.0016659292193983639,0.0,10,10,10,10,10,10,10,10,10,10,10
MQTT,b'Device - 139',1,0,10,10.0,10,10,10265.0,0.0016659292193983639,0.0,10,10,10,10,10,10,10,10,10,10,10
MQTT,b'Device - 14',1,0,14,14.0,14,14,10264.0,0.0016659292193983639,0.0,14,14,14,14,14,14,14,14,14,14,14
MQTT,b'Device - 140',2,0,0,5.0,0,10,10265.0,0.0033318584387967277,0.0,10,10,10,10,10,10,10,10,10,10,10
MQTT,b'Device - 141',2,0,0,5.0,0,10,10265.0,0.0033318584387967277,0.0,10,10,10,10,10,10,10,10,10,10,10
MQTT,b'Device - 142',2,0,0,5.0,0,10,10265.0,0.0033318584387967277,0.0,10,10,10,10,10,10,10,10,10,10,10
MQTT,b'Device - 143',1,0,10,10.0,10,10,10265.0,0.0016659292193983639,0.0,10,10,10,10,10,10,10,10,10,10,10
MQTT,b'Device - 144',1,0,10,10.0,10,10,10265.0,0.0016659292193983639,0.0,10,10,10,10,10,10,10,10,10,10,10
MQTT,b'Device - 145',2,0,1,3.5,1,6,10265.0,0.0033318584387967277,0.0,6,6,6,6,6,6,6,6,6,6,6
MQTT,b'Device - 146',1,0,11,11.0,11,11,10265.0,0.0016659292193983639,0.0,11,11,11,11,11,11,11,11,11,11,11
MQTT,b'Device - 147',1,0,11,11.0,11,11,10265.0,0.0016659292193983639,0.0,11,11,11,11,11,11,11,11,11,11,11
MQTT,b'Device - 148',2,0,0,5.5,0,11,10265.0,0.0033318584387967277,0.0,11,11,11,11,11,11,11,11,11,11,11
MQTT,b'Device - 149',1,0,10,10.0,10,10,10265.0,0.0016659292193983639,0.0,10,10,10,10,10,10,10,10,10,10,10
MQTT,b'Device - 15',1,0,10,10.0,10,10,10264.0,0.0016659292193983639,0.0,10,10,10,10,10,10,10,10,10,10,10
MQTT,b'Device - 150',1,0,10,10.0,10,10,10265.0,0.0016659292193983639,0.0,10,10,10,10,10,10,10,10,10,10,10
MQTT,b'Device - 151',1,0,10,10.0,10,10,10265.0,0.0016659292193983639,0.0,10,10,10,10,10,10,10,10,10,10,10
MQTT,b'Device - 152',2,0,0,5.0,0,10,10265.0,0.0033318584387967277,0.0,10,10,10,10,10,10,10,10,10,10,10
MQTT,b'Device - 153',2,0,0,5.0,0,10,10265.0,0.0033318584387967277,0.0,10,10,10,10,10,10,10,10,10,10,10
MQTT,b'Device - 154',1,0,10,10.0,10,10,10265.0,0.0016659292193983639,0.0,10,10,10,10,10,10,10,10,10,10,10
MQTT,b'Device - 155',1,0,10,10.0,10,10,10265.0,0.0016659292193983639,0.0,10,10,10,10,10,10,10,10,10,10,10
MQTT,b'Device - 156',1,0,10,10.0,10,10,10265.0,0.0016659292193983639,0.0,10,10,10,10,10,10,10,10,10,10,10
MQTT,b'Device - 157',2,0,0,2.0,0,4,10265.0,0.0033318584387967277,0.0,4,4,4,4,4,4,4,4,4,4,4
MQTT,b'Device - 158',2,0,0,2.0,0,4,10265.0,0.0033318584387967277,0.0,4,4,4,4,4,4,4,4,4,4,4
MQTT,b'Device - 159',2,0,0,2.0,0,4,10265.0,0.0033318584387967277,0.0,4,4,4,4,4,4,4,4,4,4,4
MQTT,b'Device - 16',1,0,10,10.0,10,10,10264.0,0.0016659292193983639,0.0,10,10,10,10,10,10,10,10,10,10,10
MQTT,b'Device - 160',2,0,0,2.0,0,4,10265.0,0.0033318584387967277,0.0,4,4,4,4,4,4,4,4,4,4,4
MQTT,b'Device - 161',2,0,0,4.5,0,9,10265.0,0.0033318584387967277,0.0,9,9,9,9,9,9,9,9,9,9,9
MQTT,b'Device - 162',2,0,0,4.5,0,9,10265.0,0.0033318584387967277,0.0,9,9,9,9,9,9,9,9,9,9,9
MQTT,b'Device - 163',1,0,9,9.0,9,9,10265.0,0.0016659292193983639,0.0,9,9,9,9,9,9,9,9,9,9,9
MQTT,b'Device - 164',2,0,0,4.5,0,9,10265.0,0.0033318584387967277,0.0,9,9,9,9,9,9,9,9,9,9,9
MQTT,b'Device - 165',1,0,9,9.0,9,9,10265.0,0.0016659292193983639,0.0,9,9,9,9,9,9,9,9,9,9,9
MQTT,b'Device - 166',2,0,0,4.5,0,9,10265.0,0.0033318584387967277,0.0,9,9,9,9,9,9,9,9,9,9,9
MQTT,b'Device - 167',2,0,0,3.0,0,6,10265.0,0.0033318584387967277,0.0,6,6,6,6,6,6,6,6,6,6,6
MQTT,b'Device - 168',1,0,8,8.0,8,8,10265.0,0.0016659292193983639,0.0,8,8,8,8,8,8,8,8,8,8,8
MQTT,b'Device - 169',2,0,0,4.0,0,8,10265.0,0.0033318584387967277,0.0,8,8,8,8,8,8,8,8,8,8,8
MQTT,b'Device - 17',1,0,10,10.0,10,10,10264.0,0.0016659292193983639,0.0,10,10,10,10,10,10,10,10,10,10,10
MQTT,b'Device - 170',1,0,8,8.0,8,8,10265.0,0.0016659292193983639,0.0,8,8,8,8,8,8,8,8,8,8,8
MQTT,b'Device - 171',1,0,8,8.0,8,8,10265.0,0.0016659292193983639,0.0,8,8,8,8,8,8,8,8,8,8,8
MQTT,b'Device - 172',1,0,8,8.0,8,8,10265.0,0.0016659292193983639,0.0,8,8,8,8,8,8,8,8,8,8,8
MQTT,b'Device - 173',1,0,8,8.0,8,8,10265.0,0.0016659292193983639,0.0,8,8,8,8,8,8,8,8,8,8,8
MQTT,b'Device - 174',1,0,8,8.0,8,8,10265.0,0.0016659292193983639,0.0,8,8,8,8,8,8,8,8,8,8,8
MQTT,b'Device - 175',1,0,8,8.0,8,8,10265.0,0.0016659292193983639,0.0,8,8,8,8,8,8,8,8,8,8,8
MQTT,b'Device - 176',1,0,8,8.0,8,8,10265.0,0.0016659292193983639,0.0,8,8,8,8,8,8,8,8,8,8,8
MQTT,b'Device - 177',1,0,8,8.0,8,8,10265.0,0.0016659292193983639,0.0,8,8,8,8,8,8,8,8,8,8,8
MQTT,b'Device - 178',3,0,3,3.6666666666666665,0,8,10265.0,0.004997787658195091,0.0,3,3,8,8,8,8,8,8,8,8,8
MQTT,b'Device - 179',1,0,6,6.0,6,6,10265.0,0.0016659292193983639,0.0,6,6,6,6,6,6,6,6,6,6,6
MQTT,b'Device - 18',1,0,12,12.0,12,12,10264.0,0.0016659292193983639,0.0,12,12,12,12,12,12,12,12,12,12,12
MQTT,b'Device - 180',1,0,4,4.0,4,4,10265.0,0.0016659292193983639,0.0,4,4,4,4,4,4,4,4,4,4,4
MQTT,b'Device - 181',1,0,4,4.0,4,4,10265.0,0.0016659292193983639,0.0,4,4,4,4,4,4,4,4,4,4,4
MQTT,b'Device - 182',1,0,4,4.0,4,4,10265.0,0.0016659292193983639,0.0,4,4,4,4,4,4,4,4,4,4,4
MQTT,b'Device - 183',1,0,4,4.0,4,4,10265.0,0.0016659292193983639,0.0,4,4,4,4,4,4,4,4,4,4,4
MQTT,b'Device - 184',2,0,0,2.0,0,4,10265.0,0.0033318584387967277,0.0,4,4,4,4,4,4,4,4,4,4,4
MQTT,b'Device - 185',3,0,0,1.3333333333333333,0,4,10265.0,0.004997787658195091,0.0,0,0,4,4,4,4,4,4,4,4,4
MQTT,b'Device - 186',1,0,3,3.0,3,3,10265.0,0.0016659292193983639,0.0,3,3,3,3,3,3,3,3,3,3,3
MQTT,b'Device - 187',1,0,5,5.0,5,5,10265.0,0.0016659292193983639,0.0,5,5,5,5,5,5,5,5,5,5,5
MQTT,b'Device - 188',1,0,6,6.0,6,6,10265.0,0.0016659292193983639,0.0,6,6,6,6,6,6,6,6,6,6,6
MQTT,b'Device - 189',1,0,4,4.0,4,4,10265.0,0.0016659292193983639,0.0,4,4,4,4,4,4,4,4,4,4,4
MQTT,b'Device - 19',1,0,12,12.0,12,12,10264.0,0.0016659292193983639,0.0,12,12,12,12,12,12,12,12,12,12,12
MQTT,b'Device - 190',1,0,4,4.0,4,4,10265.0,0.0016659292193983639,0.0,4,4,4,4,4,4,4,4,4,4,4
MQTT,b'Device - 191',1,0,4,4.0,4,4,10265.0,0.0016659292193983639,0.0,4,4,4,4,4,4,4,4,4,4,4
MQTT,b'Device - 192',1,0,4,4.0,4,4,10265.0,0.0016659292193983639,0.0,4,4,4,4,4,4,4,4,4,4,4
MQTT,b'Device - 193',2,0,0,2.0,0,4,10265.0,0.0033318584387967277,0.0,4,4,4,4,4,4,4,4,4,4,4
MQTT,b'Device - 194',1,0,4,4.0,4,4,10265.0,0.0016659292193983639,0.0,4,4,4,4,4,4,4,4,4,4,4
MQTT,b'Device - 195',2,0,0,1.5,0,3,10265.0,0.0033318584387967277,0.0,3,3,3,3,3,3,3,3,3,3,3
MQTT,b'Device - 196',2,0,0,1.0,0,2,10265.0,0.0033318584387967277,0.0,2,2,2,2,2,2,2,2,2,2,2
MQTT,b'Device - 197',1,0,2,2.0,2,2,10265.0,0.0016659292193983639,0.0,2,2,2,2,2,2,2,2,2,2,2
MQTT,b'Device - 198',2,0,0,1.0,0,2,10265.0,0.0033318584387967277,0.0,2,2,2,2,2,2,2,2,2,2,2
MQTT,b'Device - 199',1,0,2,2.0,2,2,10265.0,0.0016659292193983639,0.0,2,2,2,2,2,2,2,2,2,2,2
MQTT,b'Device - 2',1,0,3,3.0,3,3,10263.0,0.0016659292193983639,0.0,3,3,3,3,3,3,3,3,3,3,3
MQTT,b'Device - 20',1,0,12,12.0,12,12,10264.0,0.0016659292193983639,0.0,12,12,12,12,12,12,12,12,12,12,12
MQTT,b'Device - 200',1,0,2,2.0,2,2,10265.0,0.0016659292193983639,0.0,2,2,2,2,2,2,2,2,2,2,2
MQTT,b'Device - 201',1,0,6,6.0,6,6,10265.0,0.0016659292193983639,0.0,6,6,6,6,6,6,6,6,6,6,6
MQTT,b'Device - 202',1,0,0,0.0,0,0,10265.0,0.0016659292193983639,0.0,0,0,0,0,0,0,0,0,0,0,0
MQTT,b'Device - 203',1,0,6,6.0,6,6,10265.0,0.0016659292193983639,0.0,6,6,6,6,6,6,6,6,6,6,6
MQTT,b'Device - 204',1,0,0,0.0,0,0,10265.0,0.0016659292193983639,0.0,0,0,0,0,0,0,0,0,0,0,0
MQTT,b'Device - 205',1,0,6,6.0,6,6,10265.0,0.0016659292193983639,0.0,6,6,6,6,6,6,6,6,6,6,6
MQTT,b'Device - 206',1,0,6,6.0,6,6,10265.0,0.0016659292193983639,0.0,6,6,6,6,6,6,6,6,6,6,6
MQTT,b'Device - 207',2,0,1,3.5,1,6,10265.0,0.0033318584387967277,0.0,6,6,6,6,6,6,6,6,6,6,6
MQTT,b'Device - 208',3,0,0,2.0,0,6,10265.0,0.004997787658195091,0.0,0,0,6,6,6,6,6,6,6,6,6
MQTT,b'Device - 209',1,0,6,6.0,6,6,10265.0,0.0016659292193983639,0.0,6,6,6,6,6,6,6,6,6,6,6
MQTT,b'Device - 21',1,0,6,6.0,6,6,10264.0,0.0016659292193983639,0.0,6,6,6,6,6,6,6,6,6,6,6
MQTT,b'Device - 210',1,0,6,6.0,6,6,10265.0,0.0016659292193983639,0.0,6,6,6,6,6,6,6,6,6,6,6
MQTT,b'Device - 211',2,0,0,3.0,0,6,10265.0,0.0033318584387967277,0.0,6,6,6,6,6,6,6,6,6,6,6
MQTT,b'Device - 212',1,0,5,5.0,5,5,10265.0,0.0016659292193983639,0.0,5,5,5,5,5,5,5,5,5,5,5
MQTT,b'Device - 213',3,0,0,1.6666666666666667,0,5,10265.0,0.004997787658195091,0.0,0,0,5,5,5,5,5,5,5,5,5
MQTT,b'Device - 214',1,0,4,4.0,4,4,10265.0,0.0016659292193983639,0.0,4,4,4,4,4,4,4,4,4,4,4
MQTT,b'Device - 215',1,0,5,5.0,5,5,10265.0,0.0016659292193983639,0.0,5,5,5,5,5,5,5,5,5,5,5
MQTT,b'Device - 216',3,0,0,1.6666666666666667,0,5,10265.0,0.004997787658195091,0.0,0,0,5,5,5,5,5,5,5,5,5
MQTT,b'Device - 217',1,0,5,5.0,5,5,10265.0,0.0016659292193983639,0.0,5,5,5,5,5,5,5,5,5,5,5
MQTT,b'Device - 218',1,0,5,5.0,5,5,10265.0,0.0016659292193983639,0.0,5,5,5,5,5,5,5,5,5,5,5
MQTT,b'Device - 219',1,0,5,5.0,5,5,10265.0,0.0016659292193983639,0.0,5,5,5,5,5,5,5,5,5,5,5
MQTT,b'Device - 22',1,0,3,3.0,3,3,10264.0,0.0016659292193983639,0.0,3,3,3,3,3,3,3,3,3,3,3
MQTT,b'Device - 220',3,0,0,2.3333333333333335,0,7,10265.0,0.004997787658195091,0.0,0,0,7,7,7,7,7,7,7,7,7
MQTT,b'Device - 221',3,0,0,2.3333333333333335,0,7,10265.0,0.004997787658195091,0.0,0,0,7,7,7,7,7,7,7,7,7
MQTT,b'Device - 222',2,0,0,3.5,0,7,10265.0,0.0033318584387967277,0.0,7,7,7,7,7,7,7,7,7,7,7
MQTT,b'Device - 223',1,0,4,4.0,4,4,10265.0,0.0016659292193983639,0.0,4,4,4,4,4,4,4,4,4,4,4
MQTT,b'Device - 224',1,0,3,3.0,3,3,10265.0,0.0016659292193983639,0.0,3,3,3,3,3,3,3,3,3,3,3
MQTT,b'Device - 225',1,0,16,16.0,16,16,10265.0,0.0016659292193983639,0.0,16,16,16,16,16,16,16,16,16,16,16
MQTT,b'Device - 226',1,0,16,16.0,16,16,10265.0,0.0016659292193983639,0.0,16,16,16,16,16,16,16,16,16,16,16
MQTT,b'Device - 227',1,0,16,16.0,16,16,10265.0,0.0016659292193983639,0.0,16,16,16,16,16,16,16,16,16,16,16
MQTT,b'Device - 228',1,0,16,16.0,16,16,10265.0,0.0016659292193983639,0.0,16,16,16,16,16,16,16,16,16,16,16
MQTT,b'Device - 229',1,0,20,20.0,20,20,10265.0,0.0016659292193983639,0.0,20,20,20,20,20,20,20,20,20,20,20
MQTT,b'Device - 23',2,0,0,2.0,0,4,10264.0,0.0033318584387967277,0.0,4,4,4,4,4,4,4,4,4,4,4
MQTT,b'Device - 230',1,0,7,7.0,7,7,10265.0,0.0016659292193983639,0.0,7,7,7,7,7,7,7,7,7,7,7
MQTT,b'Device - 231',1,0,11,11.0,11,11,10265.0,0.0016659292193983639,0.0,11,11,11,11,11,11,11,11,11,11,11
MQTT,b'Device - 232',1,0,11,11.0,11,11,10265.0,0.0016659292193983639,0.0,11,11,11,11,11,11,11,11,11,11,11
MQTT,b'Device - 233',1,0,7,7.0,7,7,10265.0,0.0016659292193983639,0.0,7,7,7,7,7,7,7,7,7,7,7
MQTT,b'Device - 234',1,0,11,11.0,11,11,10265.0,0.0016659292193983639,0.0,11,11,11,11,11,11,11,11,11,11,11
MQTT,b'Device - 235',3,0,0,2.3333333333333335,0,7,10265.0,0.004997787658195091,0.0,0,0,7,7,7,7,7,7,7,7,7
MQTT,b'Device - 236',1,0,3,3.0,3,3,10265.0,0.0016659292193983639,0.0,3,3,3,3,3,3,3,3,3,3,3
MQTT,b'Device - 237',2,0,0,1.5,0,3,10265.0,0.0033318584387967277,0.0,3,3,3,3,3,3,3,3,3,3,3
MQTT,b'Device - 238',1,0,8,8.0,8,8,10265.0,0.0016659292193983639,0.0,8,8,8,8,8,8,8,8,8,8,8
MQTT,b'Device - 239',3,0,0,3.3333333333333335,0,10,10265.0,0.004997787658195091,0.0,0,0,10,10,10,10,10,10,10,10,10
MQTT,b'Device - 24',1,0,6,6.0,6,6,10264.0,0.0016659292193983639,0.0,6,6,6,6,6,6,6,6,6,6,6
MQTT,b'Device - 240',1,0,10,10.0,10,10,10265.0,0.0016659292193983639,0.0,10,10,10,10,10,10,10,10,10,10,10
MQTT,b'Device - 241',1,0,10,10.0,10,10,10265.0,0.0016659292193983639,0.0,10,10,10,10,10,10,10,10,10,10,10
MQTT,b'Device - 242',1,0,10,10.0,10,10,10265.0,0.0016659292193983639,0.0,10,10,10,10,10,10,10,10,10,10,10
MQTT,b'Device - 243',1,0,10,10.0,10,10,10265.0,0.0016659292193983639,0.0,10,10,10,10,10,10,10,10,10,10,10
MQTT,b'Device - 244',1,0,10,10.0,10,10,10265.0,0.0016659292193983639,0.0,10,10,10,10,10,10,10,10,10,10,10
MQTT,b'Device - 245',2,0,0,4.5,0,9,10265.0,0.0033318584387967277,0.0,9,9,9,9,9,9,9,9,9,9,9
MQTT,b'Device - 246',2,0,0,3.0,0,6,10265.0,0.0033318584387967277,0.0,6,6,6,6,6,6,6,6,6,6,6
MQTT,b'Device - 247',2,0,1,6.5,1,12,10265.0,0.0033318584387967277,0.0,12,12,12,12,12,12,12,12,12,12,12
MQTT,b'Device - 248',1,0,12,12.0,12,12,10265.0,0.0016659292193983639,0.0,12,12,12,12,12,12,12,12,12,12,12
MQTT,b'Device - 249',1,0,12,12.0,12,12,10265.0,0.0016659292193983639,0.0,12,12,12,12,12,12,12,12,12,12,12
MQTT,b'Device - 25',2,0,0,3.0,0,6,10264.0,0.0033318584387967277,0.0,6,6,6,6,6,6,6,6,6,6,6
MQTT,b'Device - 250',2,0,0,6.0,0,12,10265.0,0.0033318584387967277,0.0,12,12,12,12,12,12,12,12,12,12,12
MQTT,b'Device - 251',3,0,0,4.0,0,12,10265.0,0.004997787658195091,0.0,0,0,12,12,12,12,12,12,12,12,12
MQTT,b'Device - 252',1,0,12,12.0,12,12,10265.0,0.0016659292193983639,0.0,12,12,12,12,12,12,12,12,12,12,12
MQTT,b'Device - 253',1,0,12,12.0,12,12,10265.0,0.0016659292193983639,0.0,12,12,12,12,12,12,12,12,12,12,12
MQTT,b'Device - 254',1,0,12,12.0,12,12,10265.0,0.0016659292193983639,0.0,12,12,12,12,12,12,12,12,12,12,12
MQTT,b'Device - 255',1,0,12,12.0,12,12,10265.0,0.0016659292193983639,0.0,12,12,12,12,12,12,12,12,12,12,12
MQTT,b'Device - 256',2,0,0,6.0,0,12,10265.0,0.0033318584387967277,0.0,12,12,12,12,12,12,12,12,12,12,12
MQTT,b'Device - 257',1,0,12,12.0,12,12,10265.0,0.0016659292193983639,0.0,12,12,12,12,12,12,12,12,12,12,12
MQTT,b'Device - 258',1,0,5,5.0,5,5,10265.0,0.0016659292193983639,0.0,5,5,5,5,5,5,5,5,5,5,5
MQTT,b'Device - 259',1,0,9,9.0,9,9,10265.0,0.0016659292193983639,0.0,9,9,9,9,9,9,9,9,9,9,9
MQTT,b'Device - 26',2,0,0,3.0,0,6,10264.0,0.0033318584387967277,0.0,6,6,6,6,6,6,6,6,6,6,6
MQTT,b'Device - 260',1,0,5,5.0,5,5,10265.0,0.0016659292193983639,0.0,5,5,5,5,5,5,5,5,5,5,5
MQTT,b'Device - 261',3,0,0,1.6666666666666667,0,5,10265.0,0.004997787658195091,0.0,0,0,5,5,5,5,5,5,5,5,5
MQTT,b'Device - 262',2,0,0,3.5,0,7,10265.0,0.0033318584387967277,0.0,7,7,7,7,7,7,7,7,7,7,7
MQTT,b'Device - 263',1,0,8,8.0,8,8,10265.0,0.0016659292193983639,0.0,8,8,8,8,8,8,8,8,8,8,8
MQTT,b'Device - 264',1,0,8,8.0,8,8,10265.0,0.0016659292193983639,0.0,8,8,8,8,8,8,8,8,8,8,8
MQTT,b'Device - 265',1,0,9,9.0,9,9,10265.0,0.0016659292193983639,0.0,9,9,9,9,9,9,9,9,9,9,9
MQTT,b'Device - 266',3,0,0,3.0,0,9,10265.0,0.004997787658195091,0.0,0,0,9,9,9,9,9,9,9,9,9
MQTT,b'Device - 267',3,0,0,2.3333333333333335,0,7,10265.0,0.004997787658195091,0.0,0,0,7,7,7,7,7,7,7,7,7
MQTT,b'Device - 268',1,0,8,8.0,8,8,10265.0,0.0016659292193983639,0.0,8,8,8,8,8,8,8,8,8,8,8
MQTT,b'Device - 269',1,0,10,10.0,10,10,10265.0,0.0016659292193983639,0.0,10,10,10,10,10,10,10,10,10,10,10
MQTT,b'Device - 27',1,0,6,6.0,6,6,10264.0,0.0016659292193983639,0.0,6,6,6,6,6,6,6,6,6,6,6
MQTT,b'Device - 270',1,0,10,10.0,10,10,10265.0,0.0016659292193983639,0.0,10,10,10,10,10,10,10,10,10,10,10
MQTT,b'Device - 271',1,0,10,10.0,10,10,10265.0,0.0016659292193983639,0.0,10,10,10,10,10,10,10,10,10,10,10
MQTT,b'Device - 272',1,0,10,10.0,10,10,10265.0,0.0016659292193983639,0.0,10,10,10,10,10,10,10,10,10,10,10
MQTT,b'Device - 273',2,0,0,5.0,0,10,10265.0,0.0033318584387967277,0.0,10,10,10,10,10,10,10,10,10,10,10
MQTT,b'Device - 274',1,0,9,9.0,9,9,10265.0,0.0016659292193983639,0.0,9,9,9,9,9,9,9,9,9,9,9
MQTT,b'Device - 275',2,0,0,5.0,0,10,10265.0,0.0033318584387967277,0.0,10,10,10,10,10,10,10,10,10,10,10
MQTT,b'Device - 276',1,0,9,9.0,9,9,10265.0,0.0016659292193983639,0.0,9,9,9,9,9,9,9,9,9,9,9
MQTT,b'Device - 277',1,0,10,10.0,10,10,10265.0,0.0016659292193983639,0.0,10,10,10,10,10,10,10,10,10,10,10
MQTT,b'Device - 278',2,0,0,5.0,0,10,10265.0,0.0033318584387967277,0.0,10,10,10,10,10,10,10,10,10,10,10
MQTT,b'Device - 279',1,0,10,10.0,10,10,10265.0,0.0016659292193983639,0.0,10,10,10,10,10,10,10,10,10,10,10
MQTT,b'Device - 28',2,0,0,3.0,0,6,10264.0,0.0033318584387967277,0.0,6,6,6,6,6,6,6,6,6,6,6
MQTT,b'Device - 280',1,0,5,5.0,5,5,10265.0,0.0016659292193983639,0.0,5,5,5,5,5,5,5,5,5,5,5
MQTT,b'Device - 281',1,0,5,5.0,5,5,10265.0,0.0016659292193983639,0.0,5,5,5,5,5,5,5,5,5,5,5
MQTT,b'Device - 282',2,0,0,2.5,0,5,10265.0,0.0033318584387967277,0.0,5,5,5,5,5,5,5,5,5,5,5
MQTT,b'Device - 283',1,0,4,4.0,4,4,10265.0,0.0016659292193983639,0.0,4,4,4,4,4,4,4,4,4,4,4
MQTT,b'Device - 284',2,0,0,2.5,0,5,10265.0,0.0033318584387967277,0.0,5,5,5,5,5,5,5,5,5,5,5
MQTT,b'Device - 285',2,0,0,2.5,0,5,10265.0,0.0033318584387967277,0.0,5,5,5,5,5,5,5,5,5,5,5
MQTT,b'Device - 286',1,0,5,5.0,5,5,10265.0,0.0016659292193983639,0.0,5,5,5,5,5,5,5,5,5,5,5
MQTT,b'Device - 287',2,0,0,2.5,0,5,10265.0,0.0033318584387967277,0.0,5,5,5,5,5,5,5,5,5,5,5
MQTT,b'Device - 288',1,0,6,6.0,6,6,10265.0,0.0016659292193983639,0.0,6,6,6,6,6,6,6,6,6,6,6
MQTT,b'Device - 289',1,0,3,3.0,3,3,10265.0,0.0016659292193983639,0.0,3,3,3,3,3,3,3,3,3,3,3
MQTT,b'Device - 29',1,0,7,7.0,7,7,10264.0,0.0016659292193983639,0.0,7,7,7,7,7,7,7,7,7,7,7
MQTT,b'Device - 290',1,0,3,3.0,3,3,10265.0,0.0016659292193983639,0.0,3,3,3,3,3,3,3,3,3,3,3
MQTT,b'Device - 291',3,0,0,1.0,0,3,10265.0,0.004997787658195091,0.0,0,0,3,3,3,3,3,3,3,3,3
MQTT,b'Device - 292',2,0,0,1.5,0,3,10265.0,0.0033318584387967277,0.0,3,3,3,3,3,3,3,3,3,3,3
MQTT,b'Device - 293',1,0,3,3.0,3,3,10265.0,0.0016659292193983639,0.0,3,3,3,3,3,3,3,3,3,3,3
MQTT,b'Device - 294',1,0,2,2.0,2,2,10265.0,0.0016659292193983639,0.0,2,2,2,2,2,2,2,2,2,2,2
MQTT,b'Device - 295',1,0,3,3.0,3,3,10265.0,0.0016659292193983639,0.0,3,3,3,3,3,3,3,3,3,3,3
MQTT,b'Device - 296',2,0,0,1.5,0,3,10265.0,0.0033318584387967277,0.0,3,3,3,3,3,3,3,3,3,3,3
MQTT,b'Device - 297',1,0,2,2.0,2,2,10265.0,0.0016659292193983639,0.0,2,2,2,2,2,2,2,2,2,2,2
MQTT,b'Device - 298',1,0,2,2.0,2,2,10265.0,0.0016659292193983639,0.0,2,2,2,2,2,2,2,2,2,2,2
MQTT,b'Device - 299',1,0,2,2.0,2,2,10265.0,0.0016659292193983639,0.0,2,2,2,2,2,2,2,2,2,2,2
MQTT,b'Device - 3',3,0,0,0.0,0,0,10263.0,0.004997787658195091,0.0,0,0,0,0,0,0,0,0,0,0,0
MQTT,b'Device - 30',2,0,0,3.0,0,6,10264.0,0.0033318584387967277,0.0,6,6,6,6,6,6,6,6,6,6,6
MQTT,b'Device - 300',3,0,0,0.6666666666666666,0,2,10265.0,0.004997787658195091,0.0,0,0,2,2,2,2,2,2,2,2,2
MQTT,b'Device - 301',1,0,3,3.0,3,3,10265.0,0.0016659292193983639,0.0,3,3,3,3,3,3,3,3,3,3,3
MQTT,b'Device - 302',4,0,0,0.75,0,3,10265.0,0.0066637168775934555,0.0,0,0,3,3,3,3,3,3,3,3,3
MQTT,b'Device - 303',1,0,7,7.0,7,7,10265.0,0.0016659292193983639,0.0,7,7,7,7,7,7,7,7,7,7,7
MQTT,b'Device - 304',2,0,0,0.0,0,0,10265.0,0.0033318584387967277,0.0,0,0,0,0,0,0,0,0,0,0,0
MQTT,b'Device - 305',1,0,6,6.0,6,6,10265.0,0.0016659292193983639,0.0,6,6,6,6,6,6,6,6,6,6,6
MQTT,b'Device - 306',1,0,6,6.0,6,6,10265.0,0.0016659292193983639,0.0,6,6,6,6,6,6,6,6,6,6,6
MQTT,b'Device - 307',1,0,6,6.0,6,6,10265.0,0.0016659292193983639,0.0,6,6,6,6,6,6,6,6,6,6,6
MQTT,b'Device - 308',1,0,6,6.0,6,6,10265.0,0.0016659292193983639,0.0,6,6,6,6,6,6,6,6,6,6,6
MQTT,b'Device - 309',3,0,0,2.0,0,6,10265.0,0.004997787658195091,0.0,0,0,6,6,6,6,6,6,6,6,6
MQTT,b'Device - 31',1,0,7,7.0,7,7,10264.0,0.0016659292193983639,0.0,7,7,7,7,7,7,7,7,7,7,7
MQTT,b'Device - 310',2,0,0,3.0,0,6,10265.0,0.0033318584387967277,0.0,6,6,6,6,6,6,6,6,6,6,6
MQTT,b'Device - 311',1,0,7,7.0,7,7,10265.0,0.0016659292193983639,0.0,7,7,7,7,7,7,7,7,7,7,7
MQTT,b'Device - 312',1,0,6,6.0,6,6,10265.0,0.0016659292193983639,0.0,6,6,6,6,6,6,6,6,6,6,6
MQTT,b'Device - 313',1,0,6,6.0,6,6,10265.0,0.0016659292193983639,0.0,6,6,6,6,6,6,6,6,6,6,6
MQTT,b'Device - 314',1,0,6,6.0,6,6,10265.0,0.0016659292193983639,0.0,6,6,6,6,6,6,6,6,6,6,6
MQTT,b'Device - 315',1,0,6,6.0,6,6,10265.0,0.0016659292193983639,0.0,6,6,6,6,6,6,6,6,6,6,6
MQTT,b'Device - 316',2,0,0,3.0,0,6,10265.0,0.0033318584387967277,0.0,6,6,6,6,6,6,6,6,6,6,6
MQTT,b'Device - 317',1,0,6,6.0,6,6,10265.0,0.0016659292193983639,0.0,6,6,6,6,6,6,6,6,6,6,6
MQTT,b'Device - 318',1,0,7,7.0,7,7,10265.0,0.0016659292193983639,0.0,7,7,7,7,7,7,7,7,7,7,7
MQTT,b'Device - 319',1,0,10,10.0,10,10,10265.0,0.0016659292193983639,0.0,10,10,10,10,10,10,10,10,10,10,10
MQTT,b'Device - 32',3,0,0,3.3333333333333335,0,10,10264.0,0.004997787658195091,0.0,0,0,10,10,10,10,10,10,10,10,10
MQTT,b'Device - 320',1,0,10,10.0,10,10,10265.0,0.0016659292193983639,0.0,10,10,10,10,10,10,10,10,10,10,10
MQTT,b'Device - 321',2,0,0,5.0,0,10,10265.0,0.0033318584387967277,0.0,10,10,10,10,10,10,10,10,10,10,10
MQTT,b'Device - 322',1,0,10,10.0,10,10,10265.0,0.0016659292193983639,0.0,10,10,10,10,10,10,10,10,10,10,10
MQTT,b'Device - 323',1,0,3,3.0,3,3,10265.0,0.0016659292193983639,0.0,3,3,3,3,3,3,3,3,3,3,3
MQTT,b'Device - 324',1,0,7,7.0,7,7,10265.0,0.0016659292193983639,0.0,7,7,7,7,7,7,7,7,7,7,7
MQTT,b'Device - 325',1,0,7,7.0,7,7,10265.0,0.0016659292193983639,0.0,7,7,7,7,7,7,7,7,7,7,7
MQTT,b'Device - 326',1,0,7,7.0,7,7,10265.0,0.0016659292193983639,0.0,7,7,7,7,7,7,7,7,7,7,7
MQTT,b'Device - 327',2,0,0,7.5,0,15,10265.0,0.0033318584387967277,0.0,15,15,15,15,15,15,15,15,15,15,15
MQTT,b'Device - 328',1,0,15,15.0,15,15,10265.0,0.0016659292193983639,0.0,15,15,15,15,15,15,15,15,15,15,15
MQTT,b'Device - 329',2,0,0,7.5,0,15,10265.0,0.0033318584387967277,0.0,15,15,15,15,15,15,15,15,15,15,15
MQTT,b'Device - 33',3,0,0,2.0,0,6,10264.0,0.004997787658195091,0.0,0,0,6,6,6,6,6,6,6,6,6
MQTT,b'Device - 330',1,0,11,11.0,11,11,10265.0,0.0016659292193983639,0.0,11,11,11,11,11,11,11,11,11,11,11
MQTT,b'Device - 331',2,0,0,4.0,0,8,10265.0,0.0033318584387967277,0.0,8,8,8,8,8,8,8,8,8,8,8
MQTT,b'Device - 332',2,0,0,4.0,0,8,10265.0,0.0033318584387967277,0.0,8,8,8,8,8,8,8,8,8,8,8
MQTT,b'Device - 333',2,0,0,4.0,0,8,10265.0,0.0033318584387967277,0.0,8,8,8,8,8,8,8,8,8,8,8
MQTT,b'Device - 334',1,0,7,7.0,7,7,10265.0,0.0016659292193983639,0.0,7,7,7,7,7,7,7,7,7,7,7
MQTT,b'Device - 335',2,0,0,2.0,0,4,10265.0,0.0033318584387967277,0.0,4,4,4,4,4,4,4,4,4,4,4
MQTT,b'Device - 336',1,0,4,4.0,4,4,10265.0,0.0016659292193983639,0.0,4,4,4,4,4,4,4,4,4,4,4
MQTT,b'Device - 337',1,0,9,9.0,9,9,10265.0,0.0016659292193983639,0.0,9,9,9,9,9,9,9,9,9,9,9
MQTT,b'Device - 338',2,0,0,4.5,0,9,10265.0,0.0033318584387967277,0.0,9,9,9,9,9,9,9,9,9,9,9
MQTT,b'Device - 339',1,0,9,9.0,9,9,10265.0,0.0016659292193983639,0.0,9,9,9,9,9,9,9,9,9,9,9
MQTT,b'Device - 34',1,0,4,4.0,4,4,10264.0,0.0016659292193983639,0.0,4,4,4,4,4,4,4,4,4,4,4
MQTT,b'Device - 340',1,0,9,9.0,9,9,10265.0,0.0016659292193983639,0.0,9,9,9,9,9,9,9,9,9,9,9
MQTT,b'Device - 341',1,0,9,9.0,9,9,10265.0,0.0016659292193983639,0.0,9,9,9,9,9,9,9,9,9,9,9
MQTT,b'Device - 342',2,0,0,4.5,0,9,10265.0,0.0033318584387967277,0.0,9,9,9,9,9,9,9,9,9,9,9
MQTT,b'Device - 343',1,0,9,9.0,9,9,10265.0,0.0016659292193983639,0.0,9,9,9,9,9,9,9,9,9,9,9
MQTT,b'Device - 344',1,0,9,9.0,9,9,10265.0,0.0016659292193983639,0.0,9,9,9,9,9,9,9,9,9,9,9
MQTT,b'Device - 345',2,0,0,3.5,0,7,10265.0,0.0033318584387967277,0.0,7,7,7,7,7,7,7,7,7,7,7
MQTT,b'Device - 346',1,0,13,13.0,13,13,10265.0,0.0016659292193983639,0.0,13,13,13,13,13,13,13,13,13,13,13
MQTT,b'Device - 347',1,0,13,13.0,13,13,10265.0,0.0016659292193983639,0.0,13,13,13,13,13,13,13,13,13,13,13
MQTT,b'Device - 348',1,0,13,13.0,13,13,10265.0,0.0016659292193983639,0.0,13,13,13,13,13,13,13,13,13,13,13
MQTT,b'Device - 349',3,0,0,4.0,0,12,10265.0,0.004997787658195091,0.0,0,0,12,12,12,12,12,12,12,12,12
MQTT,b'Device - 35',2,0,0,2.0,0,4,10264.0,0.0033318584387967277,0.0,4,4,4,4,4,4,4,4,4,4,4
MQTT,b'Device - 350',1,0,12,12.0,12,12,10265.0,0.0016659292193983639,0.0,12,12,12,12,12,12,12,12,12,12,12
MQTT,b'Device - 351',2,0,0,6.0,0,12,10265.0,0.0033318584387967277,0.0,12,12,12,12,12,12,12,12,12,12,12
MQTT,b'Device - 352',1,0,13,13.0,13,13,10265.0,0.0016659292193983639,0.0,13,13,13,13,13,13,13,13,13,13,13
MQTT,b'Device - 353',1,0,13,13.0,13,13,10265.0,0.0016659292193983639,0.0,13,13,13,13,13,13,13,13,13,13,13
MQTT,b'Device - 354',1,0,13,13.0,13,13,10265.0,0.0016659292193983639,0.0,13,13,13,13,13,13,13,13,13,13,13
MQTT,b'Device - 355',2,0,0,6.5,0,13,10265.0,0.0033318584387967277,0.0,13,13,13,13,13,13,13,13,13,13,13
MQTT,b'Device - 356',1,0,13,13.0,13,13,10265.0,0.0016659292193983639,0.0,13,13,13,13,13,13,13,13,13,13,13
MQTT,b'Device - 357',1,0,5,5.0,5,5,10265.0,0.0016659292193983639,0.0,5,5,5,5,5,5,5,5,5,5,5
MQTT,b'Device - 358',1,0,5,5.0,5,5,10265.0,0.0016659292193983639,0.0,5,5,5,5,5,5,5,5,5,5,5
MQTT,b'Device - 359',2,0,0,6.0,0,12,10265.0,0.0033318584387967277,0.0,12,12,12,12,12,12,12,12,12,12,12
MQTT,b'Device - 36',2,0,0,4.0,0,8,10264.0,0.0033318584387967277,0.0,8,8,8,8,8,8,8,8,8,8,8
MQTT,b'Device - 360',1,0,12,12.0,12,12,10265.0,0.0016659292193983639,0.0,12,12,12,12,12,12,12,12,12,12,12
MQTT,b'Device - 361',2,0,0,6.0,0,12,10265.0,0.0033318584387967277,0.0,12,12,12,12,12,12,12,12,12,12,12
MQTT,b'Device - 362',1,0,5,5.0,5,5,10265.0,0.0016659292193983639,0.0,5,5,5,5,5,5,5,5,5,5,5
MQTT,b'Device - 363',1,0,12,12.0,12,12,10265.0,0.0016659292193983639,0.0,12,12,12,12,12,12,12,12,12,12,12
MQTT,b'Device - 364',1,0,13,13.0,13,13,10265.0,0.0016659292193983639,0.0,13,13,13,13,13,13,13,13,13,13,13
MQTT,b'Device - 365',1,0,7,7.0,7,7,10265.0,0.0016659292193983639,0.0,7,7,7,7,7,7,7,7,7,7,7
MQTT,b'Device - 366',1,0,11,11.0,11,11,10265.0,0.0016659292193983639,0.0,11,11,11,11,11,11,11,11,11,11,11
MQTT,b'Device - 367',1,0,8,8.0,8,8,10265.0,0.0016659292193983639,0.0,8,8,8,8,8,8,8,8,8,8,8
MQTT,b'Device - 368',2,0,0,5.0,0,10,10265.0,0.0033318584387967277,0.0,10,10,10,10,10,10,10,10,10,10,10
MQTT,b'Device - 369',2,0,0,5.0,0,10,10265.0,0.0033318584387967277,0.0,10,10,10,10,10,10,10,10,10,10,10
MQTT,b'Device - 37',3,0,0,2.6666666666666665,0,8,10264.0,0.004997787658195091,0.0,0,0,8,8,8,8,8,8,8,8,8
MQTT,b'Device - 370',2,0,0,5.0,0,10,10265.0,0.0033318584387967277,0.0,10,10,10,10,10,10,10,10,10,10,10
MQTT,b'Device - 371',2,0,0,5.0,0,10,10265.0,0.0033318584387967277,0.0,10,10,10,10,10,10,10,10,10,10,10
MQTT,b'Device - 372',2,0,0,5.0,0,10,10265.0,0.0033318584387967277,0.0,10,10,10,10,10,10,10,10,10,10,10
MQTT,b'Device - 373',2,0,0,5.0,0,10,10265.0,0.0033318584387967277,0.0,10,10,10,10,10,10,10,10,10,10,10
MQTT,b'Device - 374',2,0,0,5.0,0,10,10265.0,0.0033318584387967277,0.0,10,10,10,10,10,10,10,10,10,10,10
MQTT,b'Device - 375',2,0,0,5.0,0,10,10265.0,0.0033318584387967277,0.0,10,10,10,10,10,10,10,10,10,10,10
MQTT,b'Device - 376',2,0,0,5.0,0,10,10265.0,0.0033318584387967277,0.0,10,10,10,10,10,10,10,10,10,10,10
MQTT,b'Device - 377',1,0,10,10.0,10,10,10265.0,0.0016659292193983639,0.0,10,10,10,10,10,10,10,10,10,10,10
MQTT,b'Device - 378',3,0,0,3.0,0,9,10265.0,0.004997787658195091,0.0,0,0,9,9,9,9,9,9,9,9,9
MQTT,b'Device - 379',1,0,7,7.0,7,7,10265.0,0.0016659292193983639,0.0,7,7,7,7,7,7,7,7,7,7,7
MQTT,b'Device - 38',1,0,8,8.0,8,8,10264.0,0.0016659292193983639,0.0,8,8,8,8,8,8,8,8,8,8,8
MQTT,b'Device - 380',1,0,4,4.0,4,4,10265.0,0.0016659292193983639,0.0,4,4,4,4,4,4,4,4,4,4,4
MQTT,b'Device - 381',2,0,0,2.0,0,4,10265.0,0.0033318584387967277,0.0,4,4,4,4,4,4,4,4,4,4,4
MQTT,b'Device - 382',1,0,4,4.0,4,4,10265.0,0.0016659292193983639,0.0,4,4,4,4,4,4,4,4,4,4,4
MQTT,b'Device - 383',1,0,4,4.0,4,4,10265.0,0.0016659292193983639,0.0,4,4,4,4,4,4,4,4,4,4,4
MQTT,b'Device - 384',2,0,0,2.0,0,4,10265.0,0.0033318584387967277,0.0,4,4,4,4,4,4,4,4,4,4,4
MQTT,b'Device - 385',2,0,0,1.5,0,3,10265.0,0.0033318584387967277,0.0,3,3,3,3,3,3,3,3,3,3,3
MQTT,b'Device - 386',1,0,3,3.0,3,3,10265.0,0.0016659292193983639,0.0,3,3,3,3,3,3,3,3,3,3,3
MQTT,b'Device - 387',1,0,3,3.0,3,3,10265.0,0.0016659292193983639,0.0,3,3,3,3,3,3,3,3,3,3,3
MQTT,b'Device - 388',1,0,7,7.0,7,7,10265.0,0.0016659292193983639,0.0,7,7,7,7,7,7,7,7,7,7,7
MQTT,b'Device - 389',1,0,4,4.0,4,4,10265.0,0.0016659292193983639,0.0,4,4,4,4,4,4,4,4,4,4,4
MQTT,b'Device - 39',2,0,0,4.0,0,8,10264.0,0.0033318584387967277,0.0,8,8,8,8,8,8,8,8,8,8,8
MQTT,b'Device - 390',1,0,6,6.0,6,6,10265.0,0.0016659292193983639,0.0,6,6,6,6,6,6,6,6,6,6,6
MQTT,b'Device - 391',1,0,4,4.0,4,4,10265.0,0.0016659292193983639,0.0,4,4,4,4,4,4,4,4,4,4,4
MQTT,b'Device - 392',1,0,4,4.0,4,4,10265.0,0.0016659292193983639,0.0,4,4,4,4,4,4,4,4,4,4,4
MQTT,b'Device - 393',1,0,4,4.0,4,4,10265.0,0.0016659292193983639,0.0,4,4,4,4,4,4,4,4,4,4,4
MQTT,b'Device - 394',2,0,0,2.0,0,4,10265.0,0.0033318584387967277,0.0,4,4,4,4,4,4,4,4,4,4,4
MQTT,b'Device - 395',1,0,3,3.0,3,3,10265.0,0.0016659292193983639,0.0,3,3,3,3,3,3,3,3,3,3,3
MQTT,b'Device - 396',2,0,0,1.0,0,2,10265.0,0.0033318584387967277,0.0,2,2,2,2,2,2,2,2,2,2,2
MQTT,b'Device - 397',1,0,2,2.0,2,2,10265.0,0.0016659292193983639,0.0,2,2,2,2,2,2,2,2,2,2,2
MQTT,b'Device - 398',3,0,0,0.6666666666666666,0,2,10265.0,0.004997787658195091,0.0,0,0,2,2,2,2,2,2,2,2,2
MQTT,b'Device - 399',2,0,0,1.0,0,2,10265.0,0.0033318584387967277,0.0,2,2,2,2,2,2,2,2,2,2,2
MQTT,b'Device - 4',1,0,3,3.0,3,3,10263.0,0.0016659292193983639,0.0,3,3,3,3,3,3,3,3,3,3,3
MQTT,b'Device - 40',1,0,8,8.0,8,8,10264.0,0.0016659292193983639,0.0,8,8,8,8,8,8,8,8,8,8,8
MQTT,b'Device - 400',3,0,0,0.6666666666666666,0,2,10265.0,0.004997787658195091,0.0,0,0,2,2,2,2,2,2,2,2,2
MQTT,b'Device - 401',2,0,0,0.5,0,1,10265.0,0.0033318584387967277,0.0,1,1,1,1,1,1,1,1,1,1,1
MQTT,b'Device - 402',1,0,1,1.0,1,1,10265.0,0.0016659292193983639,0.0,1,1,1,1,1,1,1,1,1,1,1
MQTT,b'Device - 403',2,0,0,4.0,0,8,10265.0,0.0033318584387967277,0.0,8,8,8,8,8,8,8,8,8,8,8
MQTT,b'Device - 404',1,0,1,1.0,1,1,10265.0,0.0016659292193983639,0.0,1,1,1,1,1,1,1,1,1,1,1
MQTT,b'Device - 405',1,0,8,8.0,8,8,10265.0,0.0016659292193983639,0.0,8,8,8,8,8,8,8,8,8,8,8
MQTT,b'Device - 406',1,0,1,1.0,1,1,10265.0,0.0016659292193983639,0.0,1,1,1,1,1,1,1,1,1,1,1
MQTT,b'Device - 407',2,0,0,3.5,0,7,10265.0,0.0033318584387967277,0.0,7,7,7,7,7,7,7,7,7,7,7
MQTT,b'Device - 408',3,0,0,2.3333333333333335,0,7,10265.0,0.004997787658195091,0.0,0,0,7,7,7,7,7,7,7,7,7
MQTT,b'Device - 409',1,0,8,8.0,8,8,10265.0,0.0016659292193983639,0.0,8,8,8,8,8,8,8,8,8,8,8
MQTT,b'Device - 41',2,0,0,4.0,0,8,10264.0,0.0033318584387967277,0.0,8,8,8,8,8,8,8,8,8,8,8
MQTT,b'Device - 410',1,0,8,8.0,8,8,10265.0,0.0016659292193983639,0.0,8,8,8,8,8,8,8,8,8,8,8
MQTT,b'Device - 411',1,0,8,8.0,8,8,10265.0,0.0016659292193983639,0.0,8,8,8,8,8,8,8,8,8,8,8
MQTT,b'Device - 412',2,0,0,3.5,0,7,10265.0,0.0033318584387967277,0.0,7,7,7,7,7,7,7,7,7,7,7
MQTT,b'Device - 413',1,0,7,7.0,7,7,10265.0,0.0016659292193983639,0.0,7,7,7,7,7,7,7,7,7,7,7
MQTT,b'Device - 414',1,0,10,10.0,10,10,10265.0,0.0016659292193983639,0.0,10,10,10,10,10,10,10,10,10,10,10
MQTT,b'Device - 415',1,0,6,6.0,6,6,10265.0,0.0016659292193983639,0.0,6,6,6,6,6,6,6,6,6,6,6
MQTT,b'Device - 416',3,0,0,1.6666666666666667,0,5,10265.0,0.004997787658195091,0.0,0,0,5,5,5,5,5,5,5,5,5
MQTT,b'Device - 417',1,0,5,5.0,5,5,10265.0,0.0016659292193983639,0.0,5,5,5,5,5,5,5,5,5,5,5
MQTT,b'Device - 418',2,0,0,2.5,0,5,10265.0,0.0033318584387967277,0.0,5,5,5,5,5,5,5,5,5,5,5
MQTT,b'Device - 419',2,0,0,2.5,0,5,10265.0,0.0033318584387967277,0.0,5,5,5,5,5,5,5,5,5,5,5
MQTT,b'Device - 42',2,0,0,2.0,0,4,10264.0,0.0033318584387967277,0.0,4,4,4,4,4,4,4,4,4,4,4
MQTT,b'Device - 420',1,0,5,5.0,5,5,10265.0,0.0016659292193983639,0.0,5,5,5,5,5,5,5,5,5,5,5
MQTT,b'Device - 421',1,0,11,11.0,11,11,10265.0,0.0016659292193983639,0.0,11,11,11,11,11,11,11,11,11,11,11
MQTT,b'Device - 422',1,0,8,8.0,8,8,10265.0,0.0016659292193983639,0.0,8,8,8,8,8,8,8,8,8,8,8
MQTT,b'Device - 423',1,0,1,1.0,1,1,10265.0,0.0016659292193983639,0.0,1,1,1,1,1,1,1,1,1,1,1
MQTT,b'Device - 424',2,0,0,1.5,0,3,10265.0,0.0033318584387967277,0.0,3,3,3,3,3,3,3,3,3,3,3
MQTT,b'Device - 425',1,0,3,3.0,3,3,10265.0,0.0016659292193983639,0.0,3,3,3,3,3,3,3,3,3,3,3
MQTT,b'Device - 426',3,0,0,1.0,0,3,10265.0,0.004997787658195091,0.0,0,0,3,3,3,3,3,3,3,3,3
MQTT,b'Device - 427',1,0,8,8.0,8,8,10265.0,0.0016659292193983639,0.0,8,8,8,8,8,8,8,8,8,8,8
MQTT,b'Device - 428',2,0,0,4.0,0,8,10265.0,0.0033318584387967277,0.0,8,8,8,8,8,8,8,8,8,8,8
MQTT,b'Device - 429',2,0,0,4.0,0,8,10265.0,0.0033318584387967277,0.0,8,8,8,8,8,8,8,8,8,8,8
MQTT,b'Device - 43',1,0,4,4.0,4,4,10264.0,0.0016659292193983639,0.0,4,4,4,4,4,4,4,4,4,4,4
MQTT,b'Device - 430',2,0,0,4.0,0,8,10265.0,0.0033318584387967277,0.0,8,8,8,8,8,8,8,8,8,8,8
MQTT,b'Device - 431',2,0,1,3.5,1,6,10265.0,0.0033318584387967277,0.0,6,6,6,6,6,6,6,6,6,6,6
MQTT,b'Device - 432',3,0,0,4.0,0,12,10265.0,0.004997787658195091,0.0,0,0,12,12,12,12,12,12,12,12,12
MQTT,b'Device - 433',1,0,12,12.0,12,12,10265.0,0.0016659292193983639,0.0,12,12,12,12,12,12,12,12,12,12,12
MQTT,b'Device - 434',1,0,12,12.0,12,12,10265.0,0.0016659292193983639,0.0,12,12,12,12,12,12,12,12,12,12,12
MQTT,b'Device - 435',1,0,12,12.0,12,12,10265.0,0.0016659292193983639,0.0,12,12,12,12,12,12,12,12,12,12,12
MQTT,b'Device - 436',1,0,6,6.0,6,6,10265.0,0.0016659292193983639,0.0,6,6,6,6,6,6,6,6,6,6,6
MQTT,b'Device - 437',1,0,6,6.0,6,6,10265.0,0.0016659292193983639,0.0,6,6,6,6,6,6,6,6,6,6,6
MQTT,b'Device - 438',1,0,8,8.0,8,8,10265.0,0.0016659292193983639,0.0,8,8,8,8,8,8,8,8,8,8,8
MQTT,b'Device - 439',1,0,8,8.0,8,8,10265.0,0.0016659292193983639,0.0,8,8,8,8,8,8,8,8,8,8,8
MQTT,b'Device - 44',1,0,4,4.0,4,4,10264.0,0.0016659292193983639,0.0,4,4,4,4,4,4,4,4,4,4,4
MQTT,b'Device - 440',1,0,9,9.0,9,9,10265.0,0.0016659292193983639,0.0,9,9,9,9,9,9,9,9,9,9,9
MQTT,b'Device - 441',3,0,0,3.0,0,9,10265.0,0.004997787658195091,0.0,0,0,9,9,9,9,9,9,9,9,9
MQTT,b'Device - 442',1,0,8,8.0,8,8,10265.0,0.0016659292193983639,0.0,8,8,8,8,8,8,8,8,8,8,8
MQTT,b'Device - 443',1,0,3,3.0,3,3,10265.0,0.0016659292193983639,0.0,3,3,3,3,3,3,3,3,3,3,3
MQTT,b'Device - 444',1,0,3,3.0,3,3,10265.0,0.0016659292193983639,0.0,3,3,3,3,3,3,3,3,3,3,3
MQTT,b'Device - 445',2,0,0,5.0,0,10,10265.0,0.0033318584387967277,0.0,10,10,10,10,10,10,10,10,10,10,10
MQTT,b'Device - 446',1,0,10,10.0,10,10,10265.0,0.0016659292193983639,0.0,10,10,10,10,10,10,10,10,10,10,10
MQTT,b'Device - 447',2,0,0,3.0,0,6,10265.0,0.0033318584387967277,0.0,6,6,6,6,6,6,6,6,6,6,6
MQTT,b'Device - 448',1,0,6,6.0,6,6,10265.0,0.0016659292193983639,0.0,6,6,6,6,6,6,6,6,6,6,6
MQTT,b'Device - 449',1,0,11,11.0,11,11,10265.0,0.0016659292193983639,0.0,11,11,11,11,11,11,11,11,11,11,11
MQTT,b'Device - 45',1,0,6,6.0,6,6,10264.0,0.0016659292193983639,0.0,6,6,6,6,6,6,6,6,6,6,6
MQTT,b'Device - 450',1,0,11,11.0,11,11,10265.0,0.0016659292193983639,0.0,11,11,11,11,11,11,11,11,11,11,11
MQTT,b'Device - 451',1,0,11,11.0,11,11,10265.0,0.0016659292193983639,0.0,11,11,11,11,11,11,11,11,11,11,11
MQTT,b'Device - 452',2,0,0,5.5,0,11,10265.0,0.0033318584387967277,0.0,11,11,11,11,11,11,11,11,11,11,11
MQTT,b'Device - 453',1,0,4,4.0,4,4,10265.0,0.0016659292193983639,0.0,4,4,4,4,4,4,4,4,4,4,4
MQTT,b'Device - 454',1,0,11,11.0,11,11,10265.0,0.0016659292193983639,0.0,11,11,11,11,11,11,11,11,11,11,11
MQTT,b'Device - 455',1,0,11,11.0,11,11,10265.0,0.0016659292193983639,0.0,11,11,11,11,11,11,11,11,11,11,11
MQTT,b'Device - 456',1,0,11,11.0,11,11,10265.0,0.0016659292193983639,0.0,11,11,11,11,11,11,11,11,11,11,11
MQTT,b'Device - 457',2,0,0,5.5,0,11,10265.0,0.0033318584387967277,0.0,11,11,11,11,11,11,11,11,11,11,11
MQTT,b'Device - 458',3,0,0,3.6666666666666665,0,11,10265.0,0.004997787658195091,0.0,0,0,11,11,11,11,11,11,11,11,11
MQTT,b'Device - 459',1,0,11,11.0,11,11,10265.0,0.0016659292193983639,0.0,11,11,11,11,11,11,11,11,11,11,11
MQTT,b'Device - 46',1,0,11,11.0,11,11,10264.0,0.0016659292193983639,0.0,11,11,11,11,11,11,11,11,11,11,11
MQTT,b'Device - 460',3,0,0,3.3333333333333335,0,10,10265.0,0.004997787658195091,0.0,0,0,10,10,10,10,10,10,10,10,10
MQTT,b'Device - 461',1,0,10,10.0,10,10,10265.0,0.0016659292193983639,0.0,10,10,10,10,10,10,10,10,10,10,10
MQTT,b'Device - 462',1,0,10,10.0,10,10,10265.0,0.0016659292193983639,0.0,10,10,10,10,10,10,10,10,10,10,10
MQTT,b'Device - 463',2,0,1,5.5,1,10,10265.0,0.0033318584387967277,0.0,10,10,10,10,10,10,10,10,10,10,10
MQTT,b'Device - 464',2,0,0,5.0,0,10,10265.0,0.0033318584387967277,0.0,10,10,10,10,10,10,10,10,10,10,10
MQTT,b'Device - 465',1,0,10,10.0,10,10,10265.0,0.0016659292193983639,0.0,10,10,10,10,10,10,10,10,10,10,10
MQTT,b'Device - 466',1,0,6,6.0,6,6,10265.0,0.0016659292193983639,0.0,6,6,6,6,6,6,6,6,6,6,6
MQTT,b'Device - 467',1,0,14,14.0,14,14,10265.0,0.0016659292193983639,0.0,14,14,14,14,14,14,14,14,14,14,14
MQTT,b'Device - 468',1,0,13,13.0,13,13,10265.0,0.0016659292193983639,0.0,13,13,13,13,13,13,13,13,13,13,13
MQTT,b'Device - 469',1,0,14,14.0,14,14,10265.0,0.0016659292193983639,0.0,14,14,14,14,14,14,14,14,14,14,14
MQTT,b'Device - 47',1,0,11,11.0,11,11,10264.0,0.0016659292193983639,0.0,11,11,11,11,11,11,11,11,11,11,11
MQTT,b'Device - 470',1,0,14,14.0,14,14,10265.0,0.0016659292193983639,0.0,14,14,14,14,14,14,14,14,14,14,14
MQTT,b'Device - 471',2,0,0,7.0,0,14,10265.0,0.0033318584387967277,0.0,14,14,14,14,14,14,14,14,14,14,14
MQTT,b'Device - 472',2,0,0,4.0,0,8,10265.0,0.0033318584387967277,0.0,8,8,8,8,8,8,8,8,8,8,8
MQTT,b'Device - 473',1,0,8,8.0,8,8,10265.0,0.0016659292193983639,0.0,8,8,8,8,8,8,8,8,8,8,8
MQTT,b'Device - 474',3,0,0,2.6666666666666665,0,8,10265.0,0.004997787658195091,0.0,0,0,8,8,8,8,8,8,8,8,8
MQTT,b'Device - 475',1,0,8,8.0,8,8,10265.0,0.0016659292193983639,0.0,8,8,8,8,8,8,8,8,8,8,8
MQTT,b'Device - 476',3,0,0,2.6666666666666665,0,8,10265.0,0.004997787658195091,0.0,0,0,8,8,8,8,8,8,8,8,8
MQTT,b'Device - 477',1,0,8,8.0,8,8,10265.0,0.0016659292193983639,0.0,8,8,8,8,8,8,8,8,8,8,8
MQTT,b'Device - 478',1,0,8,8.0,8,8,10265.0,0.0016659292193983639,0.0,8,8,8,8,8,8,8,8,8,8,8
MQTT,b'Device - 479',1,0,8,8.0,8,8,10265.0,0.0016659292193983639,0.0,8,8,8,8,8,8,8,8,8,8,8
MQTT,b'Device - 48',1,0,11,11.0,11,11,10264.0,0.0016659292193983639,0.0,11,11,11,11,11,11,11,11,11,11,11
MQTT,b'Device - 480',3,0,1,3.0,0,8,10265.0,0.004997787658195091,0.0,1,1,8,8,8,8,8,8,8,8,8
MQTT,b'Device - 481',1,0,8,8.0,8,8,10265.0,0.0016659292193983639,0.0,8,8,8,8,8,8,8,8,8,8,8
MQTT,b'Device - 482',2,0,0,3.0,0,6,10265.0,0.0033318584387967277,0.0,6,6,6,6,6,6,6,6,6,6,6
MQTT,b'Device - 483',1,0,4,4.0,4,4,10265.0,0.0016659292193983639,0.0,4,4,4,4,4,4,4,4,4,4,4
MQTT,b'Device - 484',1,0,4,4.0,4,4,10265.0,0.0016659292193983639,0.0,4,4,4,4,4,4,4,4,4,4,4
MQTT,b'Device - 485',1,0,4,4.0,4,4,10265.0,0.0016659292193983639,0.0,4,4,4,4,4,4,4,4,4,4,4
MQTT,b'Device - 486',1,0,4,4.0,4,4,10265.0,0.0016659292193983639,0.0,4,4,4,4,4,4,4,4,4,4,4
MQTT,b'Device - 487',2,0,0,2.0,0,4,10265.0,0.0033318584387967277,0.0,4,4,4,4,4,4,4,4,4,4,4
MQTT,b'Device - 488',1,0,3,3.0,3,3,10265.0,0.0016659292193983639,0.0,3,3,3,3,3,3,3,3,3,3,3
MQTT,b'Device - 489',2,0,0,2.0,0,4,10265.0,0.0033318584387967277,0.0,4,4,4,4,4,4,4,4,4,4,4
MQTT,b'Device - 49',1,0,11,11.0,11,11,10264.0,0.0016659292193983639,0.0,11,11,11,11,11,11,11,11,11,11,11
MQTT,b'Device - 490',3,0,0,1.3333333333333333,0,4,10265.0,0.004997787658195091,0.0,0,0,4,4,4,4,4,4,4,4,4
MQTT,b'Device - 491',1,0,4,4.0,4,4,10265.0,0.0016659292193983639,0.0,4,4,4,4,4,4,4,4,4,4,4
MQTT,b'Device - 492',2,0,0,2.0,0,4,10265.0,0.0033318584387967277,0.0,4,4,4,4,4,4,4,4,4,4,4
MQTT,b'Device - 493',1,0,4,4.0,4,4,10265.0,0.0016659292193983639,0.0,4,4,4,4,4,4,4,4,4,4,4
MQTT,b'Device - 5',1,0,2,2.0,2,2,10263.0,0.0016659292193983639,0.0,2,2,2,2,2,2,2,2,2,2,2
MQTT,b'Device - 50',2,0,0,5.5,0,11,10264.0,0.0033318584387967277,0.0,11,11,11,11,11,11,11,11,11,11,11
MQTT,b'Device - 502',1,0,2,2.0,2,2,10265.0,0.0016659292193983639,0.0,2,2,2,2,2,2,2,2,2,2,2
MQTT,b'Device - 503',2,0,0,0.5,0,1,10265.0,0.0033318584387967277,0.0,1,1,1,1,1,1,1,1,1,1,1
MQTT,b'Device - 504',1,0,1,1.0,1,1,10265.0,0.0016659292193983639,0.0,1,1,1,1,1,1,1,1,1,1,1
MQTT,b'Device - 505',1,0,1,1.0,1,1,10265.0,0.0016659292193983639,0.0,1,1,1,1,1,1,1,1,1,1,1
MQTT,b'Device - 506',1,0,1,1.0,1,1,10265.0,0.0016659292193983639,0.0,1,1,1,1,1,1,1,1,1,1,1
MQTT,b'Device - 509',1,0,1,1.0,1,1,10265.0,0.0016659292193983639,0.0,1,1,1,1,1,1,1,1,1,1,1
MQTT,b'Device - 51',1,0,11,11.0,11,11,10264.0,0.0016659292193983639,0.0,11,11,11,11,11,11,11,11,11,11,11
MQTT,b'Device - 52',1,0,11,11.0,11,11,10264.0,0.0016659292193983639,0.0,11,11,11,11,11,11,11,11,11,11,11
MQTT,b'Device - 520',1,0,0,0.0,0,0,10265.0,0.0016659292193983639,0.0,0,0,0,0,0,0,0,0,0,0,0
MQTT,b'Device - 521',1,0,0,0.0,0,0,10265.0,0.0016659292193983639,0.0,0,0,0,0,0,0,0,0,0,0,0
MQTT,b'Device - 53',1,0,11,11.0,11,11,10264.0,0.0016659292193983639,0.0,11,11,11,11,11,11,11,11,11,11,11
MQTT,b'Device - 54',1,0,11,11.0,11,11,10264.0,0.0016659292193983639,0.0,11,11,11,11,11,11,11,11,11,11,11
MQTT,b'Device - 55',1,0,11,11.0,11,11,10264.0,0.0016659292193983639,0.0,11,11,11,11,11,11,11,11,11,11,11
MQTT,b'Device - 56',3,0,0,3.6666666666666665,0,11,10264.0,0.004997787658195091,0.0,0,0,11,11,11,11,11,11,11,11,11
MQTT,b'Device - 57',1,0,10,10.0,10,10,10264.0,0.0016659292193983639,0.0,10,10,10,10,10,10,10,10,10,10,10
MQTT,b'Device - 58',1,0,11,11.0,11,11,10264.0,0.0016659292193983639,0.0,11,11,11,11,11,11,11,11,11,11,11
MQTT,b'Device - 59',1,0,12,12.0,12,12,10264.0,0.0016659292193983639,0.0,12,12,12,12,12,12,12,12,12,12,12
MQTT,b'Device - 6',3,0,0,2.0,0,6,10263.0,0.004997787658195091,0.0,0,0,6,6,6,6,6,6,6,6,6
MQTT,b'Device - 60',3,0,2,4.333333333333333,0,11,10264.0,0.004997787658195091,0.0,2,2,11,11,11,11,11,11,11,11,11
MQTT,b'Device - 61',1,0,3,3.0,3,3,10264.0,0.0016659292193983639,0.0,3,3,3,3,3,3,3,3,3,3,3
MQTT,b'Device - 62',1,0,10,10.0,10,10,10264.0,0.0016659292193983639,0.0,10,10,10,10,10,10,10,10,10,10,10
MQTT,b'Device - 623',1,0,0,0.0,0,0,10265.0,0.0016659292193983639,0.0,0,0,0,0,0,0,0,0,0,0,0
MQTT,b'Device - 63',2,0,0,5.5,0,11,10264.0,0.0033318584387967277,0.0,11,11,11,11,11,11,11,11,11,11,11
MQTT,b'Device - 64',1,0,12,12.0,12,12,10264.0,0.0016659292193983639,0.0,12,12,12,12,12,12,12,12,12,12,12
MQTT,b'Device - 65',1,0,12,12.0,12,12,10264.0,0.0016659292193983639,0.0,12,12,12,12,12,12,12,12,12,12,12
MQTT,b'Device - 66',1,0,7,7.0,7,7,10264.0,0.0016659292193983639,0.0,7,7,7,7,7,7,7,7,7,7,7
MQTT,b'Device - 67',1,0,4,4.0,4,4,10264.0,0.0016659292193983639,0.0,4,4,4,4,4,4,4,4,4,4,4
MQTT,b'Device - 68',2,0,0,4.0,0,8,10264.0,0.0033318584387967277,0.0,8,8,8,8,8,8,8,8,8,8,8
MQTT,b'Device - 69',1,0,8,8.0,8,8,10264.0,0.0016659292193983639,0.0,8,8,8,8,8,8,8,8,8,8,8
MQTT,b'Device - 7',2,0,0,2.5,0,5,10263.0,0.0033318584387967277,0.0,5,5,5,5,5,5,5,5,5,5,5
MQTT,b'Device - 70',1,0,8,8.0,8,8,10264.0,0.0016659292193983639,0.0,8,8,8,8,8,8,8,8,8,8,8
MQTT,b'Device - 71',1,0,8,8.0,8,8,10264.0,0.0016659292193983639,0.0,8,8,8,8,8,8,8,8,8,8,8
MQTT,b'Device - 72',1,0,8,8.0,8,8,10264.0,0.0016659292193983639,0.0,8,8,8,8,8,8,8,8,8,8,8
MQTT,b'Device - 73',3,0,0,2.6666666666666665,0,8,10264.0,0.004997787658195091,0.0,0,0,8,8,8,8,8,8,8,8,8
MQTT,b'Device - 74',2,0,0,4.0,0,8,10264.0,0.0033318584387967277,0.0,8,8,8,8,8,8,8,8,8,8,8
MQTT,b'Device - 75',2,0,0,4.0,0,8,10264.0,0.0033318584387967277,0.0,8,8,8,8,8,8,8,8,8,8,8
MQTT,b'Device - 76',3,0,0,2.6666666666666665,0,8,10264.0,0.004997787658195091,0.0,0,0,8,8,8,8,8,8,8,8,8
MQTT,b'Device - 77',1,0,8,8.0,8,8,10264.0,0.0016659292193983639,0.0,8,8,8,8,8,8,8,8,8,8,8
MQTT,b'Device - 78',1,0,4,4.0,4,4,10264.0,0.0016659292193983639,0.0,4,4,4,4,4,4,4,4,4,4,4
MQTT,b'Device - 79',1,0,4,4.0,4,4,10264.0,0.0016659292193983639,0.0,4,4,4,4,4,4,4,4,4,4,4
MQTT,b'Device - 8',1,0,2,2.0,2,2,10263.0,0.0016659292193983639,0.0,2,2,2,2,2,2,2,2,2,2,2
MQTT,b'Device - 80',1,0,4,4.0,4,4,10264.0,0.0016659292193983639,0.0,4,4,4,4,4,4,4,4,4,4,4
MQTT,b'Device - 81',1,0,4,4.0,4,4,10264.0,0.0016659292193983639,0.0,4,4,4,4,4,4,4,4,4,4,4
MQTT,b'Device - 82',1,0,7,7.0,7,7,10264.0,0.0016659292193983639,0.0,7,7,7,7,7,7,7,7,7,7,7
MQTT,b'Device - 83',1,0,3,3.0,3,3,10264.0,0.0016659292193983639,0.0,3,3,3,3,3,3,3,3,3,3,3
MQTT,b'Device - 84',1,0,4,4.0,4,4,10264.0,0.0016659292193983639,0.0,4,4,4,4,4,4,4,4,4,4,4
MQTT,b'Device - 85',2,0,0,3.5,0,7,10264.0,0.0033318584387967277,0.0,7,7,7,7,7,7,7,7,7,7,7
MQTT,b'Device - 86',2,0,0,1.5,0,3,10264.0,0.0033318584387967277,0.0,3,3,3,3,3,3,3,3,3,3,3
MQTT,b'Device - 87',1,0,2,2.0,2,2,10264.0,0.0016659292193983639,0.0,2,2,2,2,2,2,2,2,2,2,2
MQTT,b'Device - 88',1,0,4,4.0,4,4,10264.0,0.0016659292193983639,0.0,4,4,4,4,4,4,4,4,4,4,4
MQTT,b'Device - 89',2,0,0,2.0,0,4,10264.0,0.0033318584387967277,0.0,4,4,4,4,4,4,4,4,4,4,4
MQTT,b'Device - 9',2,0,0,3.0,0,6,10263.0,0.0033318584387967277,0.0,6,6,6,6,6,6,6,6,6,6,6
MQTT,b'Device - 90',2,0,0,2.0,0,4,10264.0,0.0033318584387967277,0.0,4,4,4,4,4,4,4,4,4,4,4
MQTT,b'Device - 91',2,0,0,2.0,0,4,10264.0,0.0033318584387967277,0.0,4,4,4,4,4,4,4,4,4,4,4
MQTT,b'Device - 92',2,0,0,3.0,0,6,10264.0,0.0033318584387967277,0.0,6,6,6,6,6,6,6,6,6,6,6
MQTT,b'Device - 93',1,0,4,4.0,4,4,10264.0,0.0016659292193983639,0.0,4,4,4,4,4,4,4,4,4,4,4
MQTT,b'Device - 94',1,0,4,4.0,4,4,10264.0,0.0016659292193983639,0.0,4,4,4,4,4,4,4,4,4,4,4
MQTT,b'Device - 95',2,0,0,2.0,0,4,10264.0,0.0033318584387967277,0.0,4,4,4,4,4,4,4,4,4,4,4
MQTT,b'Device - 96',2,0,0,1.0,0,2,10264.0,0.0033318584387967277,0.0,2,2,2,2,2,2,2,2,2,2,2
MQTT,b'Device - 97',2,0,0,1.0,0,2,10264.0,0.0033318584387967277,0.0,2,2,2,2,2,2,2,2,2,2,2
MQTT,b'Device - 98',1,0,2,2.0,2,2,10264.0,0.0016659292193983639,0.0,2,2,2,2,2,2,2,2,2,2,2
MQTT,b'Device - 99',1,0,2,2.0,2,2,10264.0,0.0016659292193983639,0.0,2,2,2,2,2,2,2,2,2,2,2
MQTT,connect,2881,0,0,0.0,0,0,0.0,4.7995420810866865,0.0,0,0,0,0,0,0,0,0,0,0,0
,Aggregated,3608,0,0,1.0182926829268293,0,20,2068.318736141907,6.010672623589297,0.0,0,0,0,0,5,8,11,12,17,20,20
